Customers ID,similarity Score
C0097,0.547722558
C0194,0.46966821
C0199,0.43817
